E-Mail;Name;E-Mail ASP;Zustaendig;Anspruch dieses Jahr;Rest Vorjahr;Genommen;Offen
mitarbeiter01@example.com;Mitarbeiter 01;asp-a@example.com;Bereich A;17;9;11;15
mitarbeiter02@example.com;Mitarbeiter 02;asp-b@example.com;Bereich B;26;0;4;22
mitarbeiter03@example.com;Mitarbeiter 03;asp-c@example.com;Bereich C;30;9;5;34
mitarbeiter04@example.com;Mitarbeiter 04;asp-d@example.com;Bereich D;30;20;4;46
mitarbeiter05@example.com;Mitarbeiter 05;asp-b@example.com;Bereich B;30;6;4;32
mitarbeiter06@example.com;Mitarbeiter 06;asp-e@example.com;Bereich E;6;1,5;0;7,5
mitarbeiter07@example.com;Mitarbeiter 07;asp-a@example.com;Bereich A;30;0,5;0;30,5
mitarbeiter08@example.com;Mitarbeiter 08;asp-f@example.com;Bereich F;30;14;6;38
mitarbeiter09@example.com;Mitarbeiter 09;asp-c@example.com;Bereich C;30;2;7;25
